,Generated Images,Distillation/Loss,Distillation/Perceptual,Distillation/Self-supervised Loss,Evaluation/KID,Pruning/Average Sparsity,Evaluation/Recall,_runtime,Augment,_timestamp,Tick Length,Pruning/L1 Penalty,Evaluation/Precision,_step,G_w_dim,G_z_dim,metrics,run_dir,D_opt_lr,G_opt_lr,ada_kimg,ema_kimg,num_gpus,D_opt_eps,G_opt_eps,batch_gpu,wb_wbname,wb_wbproj,ada_target,batch_size,ema_rampup,loss_nbits,resume_pkl,total_kimg,wb_wbgroup,D_opt_betas,G_opt_betas,augment_hue,random_seed,D_class_name,D_conv_clamp,G_class_name,augment_xint,loss_distill,loss_pruning,D_channel_max,augment_aniso,augment_scale,augment_xflip,augment_xfrac,loss_r1_gamma,D_channel_base,D_num_fp16_res,augment_rotate,loss_input_max,loss_lambda_l1,loss_lpips_net,loss_batch_size,loss_class_name,D_opt_class_name,G_opt_class_name,augment_contrast,augment_lumaflip,augment_rotate90,loss_input_signed,loss_quantization,loss_teacher_path,training_set_path,augment_brightness,augment_class_name,augment_saturation,training_set_xflip,G_mapping_num_layers,image_snapshot_ticks,loss_quantize_mapping,training_set_max_size,G_synthesis_conv_clamp,data_loader_pin_memory,network_snapshot_ticks,G_synthesis_channel_max,data_loader_num_workers,training_set_class_name,training_set_resolution,training_set_use_labels,G_synthesis_channel_base,G_synthesis_num_fp16_res,D_epilogue_mbstd_group_size,data_loader_prefetch_factor,name,id,Post Evaluation/Recall,Post Evaluation/Density,Post Evaluation/Coverage,Post Evaluation/FID,Post Evaluation/KID,Post Evaluation/Precision,R1 Penalty,Fake Score,Real Score,Generator,Discriminator,Pruning/Proximal Threshold
0,"{'width': 7680, 'format': 'jpg', 'height': 4096, 'sha256': 'a2bac28d35e24b2c1296f6ce082909f2c81e9eece0ac0ff004b026bc67fe7c12', 'path': 'media/images/Generated Images_11272_a2bac28d.jpg', 'size': 4460086, '_type': 'image-file'}",0.30816604709252715,2.2330249026417732,0.06116571050370112,0.023397940618108105,0.16139439174107142,0.2667999863624573,1314,NaN,1623252945,0.5281258746981621,3.631728000938893,0.7307999730110168,11456,512,512,"['kid', 'pr']",/home/hans/modelzoo/efficiency/00437-ffhq256-mirror-paper256-kimg42-resumeffhq256,0.0025,0.0025,100,20,1,1e-08,1e-08,8,Self-supervised Mask Prune 5e-4,,0.6,8,,8.0,https://nvlabs-fi-cdn.nvidia.com/stylegan2-ada-pytorch/pretrained/transfer-learning-source-nets/ffhq-res256-mirror-paper256-noaug.pkl,42,,"[0, 0.99]","[0, 0.99]",1,0,training.networks.Discriminator,256,training.networks.Generator,1,self-supervised,mask,512,1,1,1,1,1,16384,5,1,4.0,0.0005,vgg,8.0,efficiency.slimming.SlimmingLoss,torch.optim.Adam,torch.optim.Adam,1,1,1,False,none,/home/hans/datasets/ffhq256-teacher/,/home/hans/trainsets/ffhq256.zip,1,training.augment.AugmentPipe,1,True,8,4,False,52001,256,True,10,512,3,training.dataset.ImageFolderDataset,256,False,16384,5,8,2,Self-supervised Mask Prune 5e-4,2dzuoid4,,,,,,,,,,,,
1,"{'height': 4096, 'sha256': 'f02ca3275fc79ccb2102111caddb975eb63f7b365f64d2ade61ded243d3ca513', 'path': 'media/images/Generated Images_39944_f02ca327.jpg', 'size': 4672525, '_type': 'image-file', 'width': 7680, 'format': 'jpg'}",0.20587405748665333,1.5510960333049295,0.046984486165456474,0.027317397224941944,0.11912100655691964,0.24560000002384183,4079,NaN,1623188190,0.4903132691979408,0.7816116847097874,0.7491999864578247,40416,512,512,"['kid', 'pr']",/home/hans/modelzoo/efficiency/00436-ffhq256-mirror-paper256-kimg42-resumeffhq256,0.0025,0.0025,100,20,1,1e-08,1e-08,8,Self-supervised Mask Prune 1e-4,,0.6,8,,8.0,https://nvlabs-fi-cdn.nvidia.com/stylegan2-ada-pytorch/pretrained/transfer-learning-source-nets/ffhq-res256-mirror-paper256-noaug.pkl,42,,"[0, 0.99]","[0, 0.99]",1,0,training.networks.Discriminator,256,training.networks.Generator,1,self-supervised,mask,512,1,1,1,1,1,16384,5,1,4.0,0.0001,vgg,8.0,efficiency.slimming.SlimmingLoss,torch.optim.Adam,torch.optim.Adam,1,1,1,False,none,/home/hans/datasets/ffhq256-teacher/,/home/hans/trainsets/ffhq256.zip,1,training.augment.AugmentPipe,1,True,8,4,False,52001,256,True,10,512,3,training.dataset.ImageFolderDataset,256,False,16384,5,8,2,Self-supervised Mask Prune 1e-4,1q96qac2,0.10152,0.263488,0.40798,26.356880971553593,0.026715718723723723,0.4669,,,,,,
2,"{'width': 7680, 'format': 'jpg', 'height': 4096, 'sha256': '0cb70f0fbf81a86d7d8eb8bad1c3664213b32cfff181bbd252d99e038b3c3899', 'path': 'media/images/Generated Images_20488_0cb70f0f.jpg', 'size': 5588385, '_type': 'image-file'}",0.4498822195455432,3.227567285299301,0.07713584374869242,0.24670222802947137,0.6227438790457589,0.0,2278,NaN,1623184077,0.4987458363175392,0.3524394817650318,0.9539999961853028,20488,512,512,"['kid', 'pr']",/home/hans/modelzoo/efficiency/00435-ffhq256-mirror-paper256-kimg42-resumeffhq256,0.0025,0.0025,100,20,1,1e-08,1e-08,8,Self-supervised Mask Prune,,0.6,8,,8.0,https://nvlabs-fi-cdn.nvidia.com/stylegan2-ada-pytorch/pretrained/transfer-learning-source-nets/ffhq-res256-mirror-paper256-noaug.pkl,42,,"[0, 0.99]","[0, 0.99]",1,0,training.networks.Discriminator,256,training.networks.Generator,1,self-supervised,mask,512,1,1,1,1,1,16384,5,1,4.0,0.005,vgg,8.0,efficiency.slimming.SlimmingLoss,torch.optim.Adam,torch.optim.Adam,1,1,1,False,none,/home/hans/datasets/ffhq256-teacher/,/home/hans/trainsets/ffhq256.zip,1,training.augment.AugmentPipe,1,True,8,4,False,52001,256,True,10,512,3,training.dataset.ImageFolderDataset,256,False,16384,5,8,2,Self-supervised Mask Prune,22tpl79s,0.0,0.017836,0.00026,239.38891213404145,0.27721203900400393,0.08768,,,,,,
3,"{'path': 'media/images/Generated Images_42000_9cfb81a1.jpg', 'size': 4248629, '_type': 'image-file', 'width': 7680, 'format': 'jpg', 'height': 4096, 'sha256': '9cfb81a144c59e723da23157d3269cfe7f8973ac6b7d4ad7d1d77b0c5c858202'}",0.2792719602584839,2.2347445487976074,0.10445791482925416,0.0442162683241853,0.0549274363168856,0.018799999728798863,6991,NaN,1622664291,0.8048112392425537,188.7536163330078,0.770799994468689,42000,512,512,"['kid', 'pr']",/home/hans/modelzoo/efficiency/00411-ffhq256-mirror-paper256-kimg42-resumeffhq256,0.0025,0.0025,100,20,1,1e-08,1e-08,8,Self-supervised Quantize,,0.6,8,,8.0,https://nvlabs-fi-cdn.nvidia.com/stylegan2-ada-pytorch/pretrained/transfer-learning-source-nets/ffhq-res256-mirror-paper256-noaug.pkl,42,,"[0, 0.99]","[0, 0.99]",1,0,training.networks.Discriminator,256,training.networks.Generator,1,self-supervised,l1-in-out,512,1,1,1,1,1,16384,3,1,4.0,1e-06,vgg,8.0,efficiency.slimming.SlimmingLoss,torch.optim.Adam,torch.optim.Adam,1,1,1,False,linear,/home/hans/datasets/ffhq256-teacher/,/home/hans/trainsets/ffhq256.zip,1,training.augment.AugmentPipe,1,True,8,4,False,52001,256,True,10,512,3,training.dataset.ImageFolderDataset,256,False,16384,3,8,2,Self-supervised Quantize,1d3xnq0y,0.01598,0.173348,0.22432,50.65500653914679,0.04425659226476477,0.326,,,,,,
4,"{'size': 4194471, '_type': 'image-file', 'width': 7680, 'format': 'jpg', 'height': 4096, 'sha256': '5122fd4b60a371884eadba0e2bde419685d8086722fb2879c60fc4bf333831db', 'path': 'media/images/Generated Images_42000_5122fd4b.jpg'}",0.29275381565093994,2.347003936767578,0.10505495965480804,0.043049070670029235,,0.010400000028312206,7090,NaN,1622664203,0.791905403137207,,0.7775999903678894,42000,512,512,"['kid', 'pr']",/home/hans/modelzoo/efficiency/00409-ffhq256-mirror-paper256-kimg42-resumeffhq256,0.0025,0.0025,100,20,1,1e-08,1e-08,8,Quantize No Prune,,0.6,8,,8.0,https://nvlabs-fi-cdn.nvidia.com/stylegan2-ada-pytorch/pretrained/transfer-learning-source-nets/ffhq-res256-mirror-paper256-noaug.pkl,42,,"[0, 0.99]","[0, 0.99]",1,0,training.networks.Discriminator,256,training.networks.Generator,1,self-supervised,none,512,1,1,1,1,1,16384,3,1,4.0,5e-06,vgg,8.0,efficiency.slimming.SlimmingLoss,torch.optim.Adam,torch.optim.Adam,1,1,1,False,linear,/home/hans/datasets/ffhq256-teacher/,/home/hans/trainsets/ffhq256.zip,1,training.augment.AugmentPipe,1,True,8,4,False,52001,256,True,10,512,3,training.dataset.ImageFolderDataset,256,False,16384,3,8,2,Quantize No Prune,3rkfiqa8,0.0238,0.159116,0.22222,49.79722482757579,0.04296535467217218,0.32142,,,,,,
5,"{'path': 'media/images/Generated Images_30728_1de82169.jpg', 'size': 4520114, '_type': 'image-file', 'width': 7680, 'format': 'jpg', 'height': 4096, 'sha256': '1de8216997f47eea6e7331ac67129cafc0a4019b52cae9e053eda22c57c3c428'}",0.3505660183727741,2.600040003657341,0.06563128903508186,0.046517765645057704,0.2565390816548975,0.011599999852478504,4621,NaN,1622657119,0.7683477476239204,1190.959888458252,0.8312000036239624,30880,512,512,"['kid', 'pr']",/home/hans/modelzoo/efficiency/00408-ffhq256-mirror-paper256-kimg42-resumeffhq256,0.0025,0.0025,100,20,1,1e-08,1e-08,8,Self-supervised 7.5e-6,,0.6,8,,8.0,https://nvlabs-fi-cdn.nvidia.com/stylegan2-ada-pytorch/pretrained/transfer-learning-source-nets/ffhq-res256-mirror-paper256-noaug.pkl,42,,"[0, 0.99]","[0, 0.99]",1,0,training.networks.Discriminator,256,training.networks.Generator,1,self-supervised,l1-in-out,512,1,1,1,1,1,16384,3,1,4.0,7.5e-06,vgg,8.0,efficiency.slimming.SlimmingLoss,torch.optim.Adam,torch.optim.Adam,1,1,1,False,none,/home/hans/datasets/ffhq256-teacher/,/home/hans/trainsets/ffhq256.zip,1,training.augment.AugmentPipe,1,True,8,4,True,52001,256,True,10,512,3,training.dataset.ImageFolderDataset,256,False,16384,3,8,2,Self-supervised 7.5e-6,3p1q498x,0.00772,0.203256,0.2025,57.86492207054243,0.046219678410910875,0.40048,,,,,,
6,"{'sha256': 'b5a17924954be0a534aac503fffbdbcafe3b7cb0937ce8dcc8293adf630ee43a', 'path': 'media/images/Generated Images_42000_b5a17924.jpg', 'size': 4374478, '_type': 'image-file', 'width': 7680, 'format': 'jpg', 'height': 4096}",0.24387729167938232,1.9908576011657717,0.06841649115085602,0.037867241149186555,0.2277333329363567,0.03240000084042549,5645,NaN,1622655873,0.6455521583557129,786.5385131835938,0.8095999956130981,42000,512,512,"['kid', 'pr']",/home/hans/modelzoo/efficiency/00407-ffhq256-mirror-paper256-kimg42-resumeffhq256,0.0025,0.0025,100,20,1,1e-08,1e-08,8,Self-supervised less L1,,0.6,8,,8.0,https://nvlabs-fi-cdn.nvidia.com/stylegan2-ada-pytorch/pretrained/transfer-learning-source-nets/ffhq-res256-mirror-paper256-noaug.pkl,42,,"[0, 0.99]","[0, 0.99]",1,0,training.networks.Discriminator,256,training.networks.Generator,1,self-supervised,l1-in-out,512,1,1,1,1,1,16384,3,1,4.0,5e-06,vgg,8.0,efficiency.slimming.SlimmingLoss,torch.optim.Adam,torch.optim.Adam,1,1,1,False,none,/home/hans/datasets/ffhq256-teacher/,/home/hans/trainsets/ffhq256.zip,1,training.augment.AugmentPipe,1,True,8,4,True,52001,256,True,10,512,3,training.dataset.ImageFolderDataset,256,False,16384,3,8,2,Self-supervised 5e-6,1pt3m4n7,0.01614,0.27412800000000004,0.29654,45.459489325842306,0.0372556385960961,0.46524,,,,,,
7,"{'sha256': '1f73c23bca00dd6a1a79eb625893a09adac6d0babf2e3a991613b9b2699fd9e7', 'path': 'media/images/Generated Images_34824_1f73c23b.jpg', 'size': 4821160, '_type': 'image-file', 'width': 7680, 'format': 'jpg', 'height': 4096}",0.3687438191846013,2.76816226541996,0.08970404090359807,0.06013222570340702,0.30406673070861073,0.004800000227987766,4651,NaN,1622652435,0.6455467790365219,1538.038906097412,0.7832000255584717,35648,512,512,"['kid', 'pr']",/home/hans/modelzoo/efficiency/00406-ffhq256-mirror-paper256-kimg42-resumeffhq256,0.0025,0.0025,100,20,1,1e-08,1e-08,8,Self-supervised,,0.6,8,,8.0,https://nvlabs-fi-cdn.nvidia.com/stylegan2-ada-pytorch/pretrained/transfer-learning-source-nets/ffhq-res256-mirror-paper256-noaug.pkl,42,,"[0, 0.99]","[0, 0.99]",1,0,training.networks.Discriminator,256,training.networks.Generator,1,self-supervised,l1-in-out,512,1,1,1,1,1,16384,3,1,4.0,1e-05,vgg,8.0,efficiency.slimming.SlimmingLoss,torch.optim.Adam,torch.optim.Adam,1,1,1,False,none,/home/hans/datasets/ffhq256-teacher/,/home/hans/trainsets/ffhq256.zip,1,training.augment.AugmentPipe,1,True,8,4,True,52001,256,True,10,512,3,training.dataset.ImageFolderDataset,256,False,16384,3,8,2,Self-supervised 1e-5,aoqm0oe2,0.00058,0.08396,0.07302,109.68980564048556,0.09701559356356358,0.22318,,,,,,
8,"{'path': 'media/images/Generated Images_18440_726857d8.jpg', 'size': 4097314, '_type': 'image-file', 'width': 7680, 'format': 'jpg', 'height': 4096, 'sha256': '726857d872d2000a7afb958471f28731dafa3718b72f7e5e5ab294f43eb8fc74'}",0.4259311743080616,3.2136310636997223,0.09220287366770208,0.17434614422785935,0.38664621187419423,0.0,2511,NaN,1622650185,0.6435507833957672,7927.170166015625,0.6123999953269958,18560,512,512,"['kid', 'pr']",/home/hans/modelzoo/efficiency/00405-ffhq256-mirror-paper256-kimg42-resumeffhq256,0.0025,0.0025,100,20,1,1e-08,1e-08,8,Self-supervised more L1,,0.6,8,,8.0,https://nvlabs-fi-cdn.nvidia.com/stylegan2-ada-pytorch/pretrained/transfer-learning-source-nets/ffhq-res256-mirror-paper256-noaug.pkl,42,,"[0, 0.99]","[0, 0.99]",1,0,training.networks.Discriminator,256,training.networks.Generator,1,self-supervised,l1-in-out,512,1,1,1,1,1,16384,3,1,4.0,5e-05,vgg,8.0,efficiency.slimming.SlimmingLoss,torch.optim.Adam,torch.optim.Adam,1,1,1,False,none,/home/hans/datasets/ffhq256-teacher/,/home/hans/trainsets/ffhq256.zip,1,training.augment.AugmentPipe,1,True,8,4,True,52001,256,True,10,512,3,training.dataset.ImageFolderDataset,256,False,16384,3,8,2,Self-supervised 5e-5,2d2uinls,0.0,0.0179,0.0041,174.48754823681887,0.17244262885385384,0.0751,,,,,,
9,"{'height': 4096, 'sha256': 'd3e18c60b166c40b7dd84f5b796b644fdb978298c65bf6c8793df2dc7af8b73d', 'path': 'media/images/Generated Images_7176_d3e18c60.jpg', 'size': 9798001, '_type': 'image-file', 'width': 7680, 'format': 'jpg'}",2.075892738997936,6.652690455317497,,,0.3249854547221486,,410,NaN,1622056841,0.3181234896183014,840.6553688049316,,8192,512,512,[],/home/hans/modelzoo/efficiency/00277-ffhq256-mirror-paper256-kimg42-resumeffhq256,0.0025,0.0025,100,20,1,1e-08,1e-08,8,QGAN,,0.6,8,,8.0,https://nvlabs-fi-cdn.nvidia.com/stylegan2-ada-pytorch/pretrained/transfer-learning-source-nets/ffhq-res256-mirror-paper256-noaug.pkl,42,,"[0, 0.99]","[0, 0.99]",1,0,training.networks.Discriminator,256,training.networks.Generator,1,lpips,l1-in-out,512,1,1,1,1,1,16384,3,1,4.0,5e-06,vgg,8.0,efficiency.slimming.SlimmingLoss,torch.optim.Adam,torch.optim.Adam,1,1,1,False,qgan,/home/hans/datasets/ffhq256-teacher/,/home/hans/trainsets/ffhq256.zip,1,training.augment.AugmentPipe,1,True,8,4,True,52001,256,True,10,512,3,training.dataset.ImageFolderDataset,256,False,16384,3,8,2,QGAN (Broken),2di2jfse,0.0,0.00038,4e-05,298.5833024237377,0.29568623120370363,0.0019,,,,,,
10,"{'path': 'media/images/Generated Images_5128_5b21c7ab.jpg', 'size': 15627095, '_type': 'image-file', 'width': 7680, 'format': 'jpg', 'height': 4096, 'sha256': '5b21c7ab5f1b9bb154cbc1c74902d8b389f950106cfdfb20dda72a93dbdf999f'}",1.554121796041727,6.505394294857979,,,0.2632044968081684,,293,NaN,1622056331,0.33159270137548447,870.6617393493652,,5408,512,512,[],/home/hans/modelzoo/efficiency/00276-ffhq256-mirror-paper256-kimg42-resumeffhq256,0.0025,0.0025,100,20,1,1e-08,1e-08,8,QGAN No Mapping,,0.6,8,,8.0,https://nvlabs-fi-cdn.nvidia.com/stylegan2-ada-pytorch/pretrained/transfer-learning-source-nets/ffhq-res256-mirror-paper256-noaug.pkl,42,,"[0, 0.99]","[0, 0.99]",1,0,training.networks.Discriminator,256,training.networks.Generator,1,lpips,l1-in-out,512,1,1,1,1,1,16384,3,1,4.0,5e-06,vgg,8.0,efficiency.slimming.SlimmingLoss,torch.optim.Adam,torch.optim.Adam,1,1,1,True,qgan,/home/hans/datasets/ffhq256-teacher/,/home/hans/trainsets/ffhq256.zip,1,training.augment.AugmentPipe,1,True,8,4,True,52001,256,True,10,512,3,training.dataset.ImageFolderDataset,256,False,16384,3,8,2,QGAN (Broken),1k1vbk3b,,,,,,,,,,,,
11,"{'format': 'jpg', 'height': 4096, 'sha256': '9c4dba38807db74ebe4bec0d2326824a8578f0e4fff81d7c2ef3e03b4956516d', 'path': 'media/images/Generated Images_2056_9c4dba38.jpg', 'size': 4325017, '_type': 'image-file', 'width': 7680}",1.1083960365504026,6.868828117847443,,0.2503164646274045,0.13701677177010513,0.0,295,NaN,1622055003,0.3540808781981468,930.9653911590576,0.0,2528,512,512,"['kid', 'pr']",/home/hans/modelzoo/efficiency/00262-ffhq256-mirror-paper256-kimg42-resumeffhq256,0.0025,0.0025,100,20,1,1e-08,1e-08,8,QGAN No Mapping,,0.6,8,,8.0,https://nvlabs-fi-cdn.nvidia.com/stylegan2-ada-pytorch/pretrained/transfer-learning-source-nets/ffhq-res256-mirror-paper256-noaug.pkl,42,,"[0, 0.99]","[0, 0.99]",1,0,training.networks.Discriminator,256,training.networks.Generator,1,lpips,l1-in-out,512,1,1,1,1,1,16384,3,1,4.0,5e-06,vgg,8.0,efficiency.slimming.SlimmingLoss,torch.optim.Adam,torch.optim.Adam,1,1,1,False,qgan,/home/hans/datasets/ffhq256-teacher/,/home/hans/trainsets/ffhq256.zip,1,training.augment.AugmentPipe,1,True,8,4,False,52001,256,True,10,512,3,training.dataset.ImageFolderDataset,256,False,16384,3,8,2,QGAN No Mapping (Broken),3umwjkw9,,,,,,,,,,,,
12,"{'width': 7680, 'format': 'jpg', 'height': 4096, 'sha256': '9c6286bd96491abcb283071170972dd10735787c95a21b7e8c0a07ccba80a972', 'path': 'media/images/Generated Images_12296_9c6286bd.jpg', 'size': 11611877, '_type': 'image-file'}",8.673367366194725,6.939955338835716,,0.3429547901854324,0.3782896079668185,0.0,1349,NaN,1622055241,0.33619047701358795,811.7485446929932,0.0,12480,512,512,"['kid', 'pr']",/home/hans/modelzoo/efficiency/00260-ffhq256-mirror-paper256-kimg42-resumeffhq256,0.0025,0.0025,100,20,1,1e-08,1e-08,8,QGAN,,0.6,8,,8.0,https://nvlabs-fi-cdn.nvidia.com/stylegan2-ada-pytorch/pretrained/transfer-learning-source-nets/ffhq-res256-mirror-paper256-noaug.pkl,42,,"[0, 0.99]","[0, 0.99]",1,0,training.networks.Discriminator,256,training.networks.Generator,1,lpips,l1-in-out,512,1,1,1,1,1,16384,3,1,4.0,5e-06,vgg,8.0,efficiency.slimming.SlimmingLoss,torch.optim.Adam,torch.optim.Adam,1,1,1,,qgan,/home/hans/datasets/ffhq256-teacher/,/home/hans/trainsets/ffhq256.zip,1,training.augment.AugmentPipe,1,True,8,4,True,52001,256,True,10,512,3,training.dataset.ImageFolderDataset,256,False,16384,3,8,2,QGAN (Broken),3t8lhnm6,0.0,8.000000000000001e-06,2e-05,327.4332934100473,0.3154340789739739,4e-05,,,,,,
13,"{'path': 'media/images/Generated Images_42000_9030161d.jpg', 'size': 3655024, '_type': 'image-file', 'width': 7680, 'format': 'jpg', 'height': 4096, 'sha256': '9030161dfe66a28372fe5d685f73117bd56e14ba2b6e378a76abf541d69ed005'}",0.28372010588645935,3.8367886543273926,,0.03666401200217571,0.0723307365324439,0.005200000014156103,4728,NaN,1622051580,0.38549160957336426,869.0064697265625,0.9175999760627748,42000,512,512,"['kid', 'pr']",/home/hans/modelzoo/efficiency/00254-ffhq256-mirror-paper256-kimg42-resumeffhq256,0.0025,0.0025,100,20,1,1e-08,1e-08,8,Don't Quantize G_mapping,,0.6,8,,,https://nvlabs-fi-cdn.nvidia.com/stylegan2-ada-pytorch/pretrained/transfer-learning-source-nets/ffhq-res256-mirror-paper256-noaug.pkl,42,,"[0, 0.99]","[0, 0.99]",1,0,training.networks.Discriminator,256,training.networks.Generator,1,lpips,l1-in-out,512,1,1,1,1,1,16384,3,1,,5e-06,vgg,8.0,efficiency.slimming.SlimmingLoss,torch.optim.Adam,torch.optim.Adam,1,1,1,,linear,/home/hans/datasets/ffhq256-teacher/,/home/hans/trainsets/ffhq256.zip,1,training.augment.AugmentPipe,1,True,8,4,,52001,256,True,10,512,3,training.dataset.ImageFolderDataset,256,False,16384,3,8,2,Don't Quantize G_mapping,3nwcsm2v,0.02252,0.440168,0.33186,48.18302587507871,0.03744243515515516,0.56898,,,,,,
14,"{'sha256': 'dd57b7aa17b2cb55fad48b38f8173c86310892fd1598a17c14b91c6d1a2a8ada', 'path': 'media/images/Generated Images_22536_dd57b7aa.jpg', 'size': 3548730, '_type': 'image-file', 'width': 7680, 'format': 'jpg', 'height': 4096}",0.41641232278198,4.510118395090103,,0.22747731714977995,0.0970735415452864,0.0,2702,NaN,1622046308,0.4001792594790458,939.4545764923096,0.47200000286102295,23232,512,512,"['kid', 'pr']",/home/hans/modelzoo/efficiency/00253-ffhq256-mirror-paper256-kimg42-resumeffhq256,0.0025,0.0025,100,20,1,1e-08,1e-08,8,Quantize Bias,,0.6,8,,,https://nvlabs-fi-cdn.nvidia.com/stylegan2-ada-pytorch/pretrained/transfer-learning-source-nets/ffhq-res256-mirror-paper256-noaug.pkl,42,,"[0, 0.99]","[0, 0.99]",1,0,training.networks.Discriminator,256,training.networks.Generator,1,lpips,l1-in-out,512,1,1,1,1,1,16384,3,1,,5e-06,vgg,8.0,efficiency.slimming.SlimmingLoss,torch.optim.Adam,torch.optim.Adam,1,1,1,,linear,/home/hans/datasets/ffhq256-teacher/,/home/hans/trainsets/ffhq256.zip,1,training.augment.AugmentPipe,1,True,8,4,,52001,256,True,10,512,3,training.dataset.ImageFolderDataset,256,False,16384,3,8,2,Quantize Bias,e8bj35p2,0.0,3.6e-05,8e-05,230.71603689589105,0.22561736518518527,0.00018,,,,,,
15,"{'_type': 'image-file', 'width': 7680, 'format': 'jpg', 'height': 4096, 'sha256': '358956d6134267cab87c647996d9390872d418d5f3ec226bdd7aa2e93072976a', 'path': 'media/images/Generated Images_2056_358956d6.jpg', 'size': 1712854}",40.29186952114105,6.590396195650101,,0.43560358475003713,0.05058294480166784,0.0,434,NaN,1622043500,0.3856031969189644,949.5561866760254,0.0,2752,512,512,"['kid', 'pr']",/home/hans/modelzoo/efficiency/00249-ffhq256-mirror-paper256-kimg42-resumeffhq256,0.0025,0.0025,100,20,1,1e-08,1e-08,8,Quantization 16 bit,,0.6,8,,,https://nvlabs-fi-cdn.nvidia.com/stylegan2-ada-pytorch/pretrained/transfer-learning-source-nets/ffhq-res256-mirror-paper256-noaug.pkl,42,,"[0, 0.99]","[0, 0.99]",1,0,training.networks.Discriminator,256,training.networks.Generator,1,lpips,l1-in-out,512,1,1,1,1,1,16384,3,1,,5e-06,vgg,8.0,efficiency.slimming.SlimmingLoss,torch.optim.Adam,torch.optim.Adam,1,1,1,,linear,/home/hans/datasets/ffhq256-teacher/,/home/hans/trainsets/ffhq256.zip,1,training.augment.AugmentPipe,1,True,8,4,,52001,256,True,10,512,3,training.dataset.ImageFolderDataset,256,False,16384,3,8,2,Quantization 16 bit,2kwwlnaw,,,,,,,,,,,,
16,"{'size': 3610101, '_type': 'image-file', 'width': 7680, 'format': 'jpg', 'height': 4096, 'sha256': '5ce896ca9810e09e6d0e632e656a9fe8aa5356813224e5a39705042b7356095e', 'path': 'media/images/Generated Images_42000_5ce896ca.jpg'}",0.45084401965141296,4.400395393371582,,0.2341361959036741,0.14249410861875952,0.0,4692,NaN,1621998073,0.3862917423248291,899.5338134765625,0.5019999742507935,42000,512,512,"['kid', 'pr']",/home/hans/modelzoo/efficiency/00247-ffhq256-mirror-paper256-kimg42-resumeffhq256,0.0025,0.0025,100,20,1,1e-08,1e-08,8,Quantization,,0.6,8,,,https://nvlabs-fi-cdn.nvidia.com/stylegan2-ada-pytorch/pretrained/transfer-learning-source-nets/ffhq-res256-mirror-paper256-noaug.pkl,42,,"[0, 0.99]","[0, 0.99]",1,0,training.networks.Discriminator,256,training.networks.Generator,1,lpips,l1-in-out,512,1,1,1,1,1,16384,3,1,,5e-06,vgg,8.0,efficiency.slimming.SlimmingLoss,torch.optim.Adam,torch.optim.Adam,1,1,1,,linear,/home/hans/datasets/ffhq256-teacher/,/home/hans/trainsets/ffhq256.zip,1,training.augment.AugmentPipe,1,True,8,4,,52001,256,True,10,512,3,training.dataset.ImageFolderDataset,256,False,16384,3,8,2,Quantization,ne1u1y9k,0.0,0.0,0.0,240.77022169437075,0.2310370456256256,0.0,,,,,,
17,"{'_type': 'image-file', 'width': 7680, 'format': 'jpg', 'height': 4096, 'sha256': '412397257f2e12f4a188dfefb7d192cf48db8ce8d178fd191bfc3f9e719e2676', 'path': 'media/images/Generated Images_42000_41239725.jpg', 'size': 4237453}",0.24459068477153775,1.9147238731384275,,0.03641904664589818,0.22947460267601943,0.02160000056028366,3588,NaN,1621996701,0.25208377838134766,783.9046020507812,0.8776000142097473,42000,512,512,"['kid', 'pr']",/home/hans/modelzoo/efficiency/00244-ffhq256-mirror-paper256-kimg42-resumeffhq256,0.0025,0.0025,100,20,1,1e-08,1e-08,8,LPIPS Alex Distillation 5e-6,,0.6,8,,,https://nvlabs-fi-cdn.nvidia.com/stylegan2-ada-pytorch/pretrained/transfer-learning-source-nets/ffhq-res256-mirror-paper256-noaug.pkl,42,,"[0, 0.99]","[0, 0.99]",1,0,training.networks.Discriminator,256,training.networks.Generator,1,lpips,l1-in-out,512,1,1,1,1,1,16384,3,1,,5e-06,alex,8.0,efficiency.slimming.SlimmingLoss,torch.optim.Adam,torch.optim.Adam,1,1,1,,,/home/hans/datasets/ffhq256-teacher/,/home/hans/trainsets/ffhq256.zip,1,training.augment.AugmentPipe,1,True,8,4,,52001,256,True,10,512,3,training.dataset.ImageFolderDataset,256,False,16384,3,8,2,LPIPS Alex Distillation 5e-6,1644yqmq,0.01096,0.26812,0.28688,44.10908964121613,0.03666229391391391,0.45512,,,,,,
18,"{'sha256': '3ba4c82067de2cf886fa571a1794cc196e1cb3cee5825bcce1e7a43b9be668af', 'path': 'media/images/Generated Images_42000_3ba4c820.jpg', 'size': 3708220, '_type': 'image-file', 'width': 7680, 'format': 'jpg', 'height': 4096}",0.2342581003904343,2.9934582710266113,,0.02683484597141873,0.21978413186422208,0.04600000008940697,4137,NaN,1621992944,0.3615574836730957,782.4539184570312,0.7436000108718872,42000,512,512,"['kid', 'pr']",/home/hans/modelzoo/efficiency/00207-ffhq256-mirror-paper256-kimg42-resumeffhq256,0.0025,0.0025,100,20,1,1e-08,1e-08,8,LPIPS VGG Distillation 5e-6,,0.6,8,,,https://nvlabs-fi-cdn.nvidia.com/stylegan2-ada-pytorch/pretrained/transfer-learning-source-nets/ffhq-res256-mirror-paper256-noaug.pkl,42,,"[0, 0.99]","[0, 0.99]",1,0,training.networks.Discriminator,256,training.networks.Generator,1,lpips,l1-in-out,512,1,1,1,1,1,16384,3,1,,5e-06,vgg,8.0,efficiency.slimming.SlimmingLoss,torch.optim.Adam,torch.optim.Adam,1,1,1,,,/home/hans/datasets/ffhq256-teacher/,/home/hans/trainsets/ffhq256.zip,1,training.augment.AugmentPipe,1,True,8,4,,52001,256,True,10,512,3,training.dataset.ImageFolderDataset,256,False,16384,3,8,2,LPIPS VGG Distillation 5e-6,2r0gy7r7,0.02584,0.6742,0.51378,34.927110556428076,0.026455531569069095,0.70824,,,,,,
19,"{'path': 'media/images/Generated Images_42000_61b87950.jpg', 'size': 4351177, '_type': 'image-file', 'width': 7680, 'format': 'jpg', 'height': 4096, 'sha256': '61b87950e8611af63fd4ec8cf6becb25299100cbc1b82460566ced4b577bd2d8'}",0.3213294446468353,2.468773365020752,,0.06265313357662068,0.32485899111119715,0.00039999998989515007,3597,NaN,1621987697,0.25861406326293945,1502.230224609375,0.8140000104904175,42000,512,512,"['kid', 'pr']",/home/hans/modelzoo/efficiency/00191-ffhq256-mirror-paper256-kimg42-resumeffhq256,0.0025,0.0025,100,20,1,1e-08,1e-08,8,LPIPS Distillation 1e-5,,0.6,8,,,https://nvlabs-fi-cdn.nvidia.com/stylegan2-ada-pytorch/pretrained/transfer-learning-source-nets/ffhq-res256-mirror-paper256-noaug.pkl,42,,"[0, 0.99]","[0, 0.99]",1,0,training.networks.Discriminator,256,training.networks.Generator,1,lpips,l1-in-out,512,1,1,1,1,1,16384,3,1,,1e-05,alex,8.0,efficiency.slimming.SlimmingLoss,torch.optim.Adam,torch.optim.Adam,1,1,1,,,/home/hans/datasets/ffhq256-teacher/,/home/hans/trainsets/ffhq256.zip,1,training.augment.AugmentPipe,1,True,8,4,,52001,256,True,10,512,3,training.dataset.ImageFolderDataset,256,False,16384,3,8,2,LPIPS Distillation 1e-5,39efq3do,2e-05,0.178216,0.1039,85.14869392284743,0.0620325617167167,0.39292,,,,,,
20,"{'height': 4096, 'sha256': 'a0aec6e58de7be48a26ac09b999f67678f7c5db518e33b345d9cb52e4572a41e', 'path': 'media/images/Generated Images_10248_a0aec6e5.jpg', 'size': 2218843, '_type': 'image-file', 'width': 7680, 'format': 'jpg'}",0.276387594640255,,,0.12509600580329333,0.22322762812056193,0.00039999998989515007,979,NaN,1621984029,0.24480027705430984,171210491.0,0.30160000920295715,11136,512,512,"['kid', 'pr']",/home/hans/modelzoo/efficiency/00190-ffhq256-mirror-paper256-kimg42-resumeffhq256,0.0025,0.0025,100,20,1,1e-08,1e-08,8,Distillation Basic 1e-6,,0.6,8,,,https://nvlabs-fi-cdn.nvidia.com/stylegan2-ada-pytorch/pretrained/transfer-learning-source-nets/ffhq-res256-mirror-paper256-noaug.pkl,42,,"[0, 0.99]","[0, 0.99]",1,0,training.networks.Discriminator,256,training.networks.Generator,1,basic,l1-in-out,512,1,1,1,1,1,16384,3,1,,1e-06,,8.0,efficiency.slimming.SlimmingLoss,torch.optim.Adam,torch.optim.Adam,1,1,1,,,/home/hans/datasets/ffhq256-teacher/,/home/hans/trainsets/ffhq256.zip,1,training.augment.AugmentPipe,1,True,8,4,,52001,256,True,10,512,3,training.dataset.ImageFolderDataset,256,False,16384,3,8,2,Basic Distillation 1e-6,3cer2gmp,0.00042,0.00536,0.00734,111.76336747101377,0.12443776673423426,0.02464,,,,,,
21,"{'sha256': '21a338da1f9825a7a010e7dce3b32b379f6d71893c4f4d155cc93860a11c90f3', 'path': 'media/images/Generated Images_29704_21a338da.jpg', 'size': 4540224, '_type': 'image-file', 'width': 7680, 'format': 'jpg', 'height': 4096}",0.20171995926648376,1.533018721267581,,0.02849901222568362,0.043129188258473464,0.24480000138282776,2508,NaN,1621985100,0.25568823516368866,181676541.0,0.7599999904632568,30720,512,512,"['kid', 'pr']",/home/hans/modelzoo/efficiency/00189-ffhq256-mirror-paper256-kimg42-resumeffhq256,0.0025,0.0025,100,20,1,1e-08,1e-08,8,LPIPS Distillation,,0.6,8,,,https://nvlabs-fi-cdn.nvidia.com/stylegan2-ada-pytorch/pretrained/transfer-learning-source-nets/ffhq-res256-mirror-paper256-noaug.pkl,42,,"[0, 0.99]","[0, 0.99]",1,0,training.networks.Discriminator,256,training.networks.Generator,1,lpips,l1-in-out,512,1,1,1,1,1,16384,3,1,,1e-06,alex,8.0,efficiency.slimming.SlimmingLoss,torch.optim.Adam,torch.optim.Adam,1,1,1,,,/home/hans/datasets/ffhq256-teacher/,/home/hans/trainsets/ffhq256.zip,1,training.augment.AugmentPipe,1,True,8,4,,52001,256,True,10,512,3,training.dataset.ImageFolderDataset,256,False,16384,3,8,2,LPIPS Distillation 1e-6,3h2mlq5y,0.11058,0.23554,0.39138,27.513090431413676,0.028126392014514508,0.4259,,,,,,
22,"{'path': 'media/images/Generated Images_8200_26f065b0.jpg', 'size': 1747077, '_type': 'image-file', 'width': 7680, 'format': 'jpg', 'height': 4096, 'sha256': '26f065b0c55a49728792c1ab826e5d046564ce8b67d405e71656ec5c277465fb'}",0.3643857995048166,,,0.21397339138208973,0.3266147098890165,0.0,783,NaN,1621983036,0.2445993199944496,167224290.5,0.07559999823570251,8736,512,512,"['kid', 'pr']",/home/hans/modelzoo/efficiency/00184-ffhq256-mirror-paper256-kimg42-resumeffhq256,0.0025,0.0025,100,20,1,1e-08,1e-08,8,Distillation Basic 1e-5,,0.6,8,,,https://nvlabs-fi-cdn.nvidia.com/stylegan2-ada-pytorch/pretrained/transfer-learning-source-nets/ffhq-res256-mirror-paper256-noaug.pkl,42,,"[0, 0.99]","[0, 0.99]",1,0,training.networks.Discriminator,256,training.networks.Generator,1,basic,l1-in-out,512,1,1,1,1,1,16384,3,1,,1e-05,,8.0,efficiency.slimming.SlimmingLoss,torch.optim.Adam,torch.optim.Adam,1,1,1,,,/home/hans/datasets/ffhq256-teacher/,/home/hans/trainsets/ffhq256.zip,1,training.augment.AugmentPipe,1,True,8,4,,52001,256,True,10,512,3,training.dataset.ImageFolderDataset,256,False,16384,3,8,2,Basic Distillation 1e-5,382580jo,0.0,0.002588,0.00066,193.30297923713908,0.2128127455705706,0.01214,,,,,,
23,"{'sha256': '71e64d0e6c0629e2a5f2be49fae43a5dba34b4fddc2733147a08397e306b9e9f', 'path': 'media/images/Generated Images_14344_71e64d0e.jpg', 'size': 1238999, '_type': 'image-file', 'width': 7680, 'format': 'jpg', 'height': 4096}",0.41725508123636246,,,0.3482778342837363,0.4126019448768802,0.0,1244,NaN,1621981995,0.24428490549325943,160128593.0,0.0,15360,512,512,"['kid', 'pr']",/home/hans/modelzoo/efficiency/00182-ffhq256-mirror-paper256-kimg42-resumeffhq256,0.0025,0.0025,100,20,1,1e-08,1e-08,8,Distillation + In-out Pruning,,0.6,8,,,https://nvlabs-fi-cdn.nvidia.com/stylegan2-ada-pytorch/pretrained/transfer-learning-source-nets/ffhq-res256-mirror-paper256-noaug.pkl,42,,"[0, 0.99]","[0, 0.99]",1,0,training.networks.Discriminator,256,training.networks.Generator,1,basic,l1-in-out,512,1,1,1,1,1,16384,3,1,,0.0001,,8.0,efficiency.slimming.SlimmingLoss,torch.optim.Adam,torch.optim.Adam,1,1,1,,,/home/hans/datasets/ffhq256-teacher/,/home/hans/trainsets/ffhq256.zip,1,training.augment.AugmentPipe,1,True,8,4,,52001,256,True,10,512,3,training.dataset.ImageFolderDataset,256,False,16384,3,8,2,Basic Distillation 1e-4,2ncrf69k,0.0,4.4000000000000006e-05,2e-05,333.3718731721934,0.38485875249249263,0.00022,,,,,,
24,"{'format': 'jpg', 'height': 4096, 'sha256': 'bbf24b4509bb568ab4971ee42c9bae5d43db023f7ffcc9d49ce1ffef3b44ac0b', 'path': 'media/images/Generated Images_42000_bbf24b45.jpg', 'size': 5609930, '_type': 'image-file', 'width': 7680}",,,,0.022618841841467643,0.08300607960398604,0.2215999960899353,7512,0.11072026193141936,1621974645,0.7979896068572998,165859344.0,0.6359999775886536,42000,512,512,"['kid', 'pr']",/home/hans/modelzoo/efficiency/00163-ffhq256-mirror-paper256-kimg42-resumeffhq256,0.0025,0.0025,100,20,1,1e-08,1e-08,8,Output-weight Pruning 8e-6,,0.6,8,,,https://nvlabs-fi-cdn.nvidia.com/stylegan2-ada-pytorch/pretrained/transfer-learning-source-nets/ffhq-res256-mirror-paper256-noaug.pkl,42,,"[0, 0.99]","[0, 0.99]",1,0,training.networks.Discriminator,256,training.networks.Generator,1,,l1-out,512,1,1,1,1,1,16384,3,1,,8e-06,,,efficiency.slimming.SlimmingLoss,torch.optim.Adam,torch.optim.Adam,1,1,1,,,,/home/hans/trainsets/ffhq256.zip,1,training.augment.AugmentPipe,1,True,8,4,,52001,256,True,10,512,3,training.dataset.ImageFolderDataset,256,False,16384,3,8,2,Output-weight Pruning 8e-6,1zvi2ntz,0.15496,0.323392,0.40086,32.46888312348946,0.022648653638638657,0.48658,0.05916378274559975,-0.4466816782951355,1.724352478981018,0.9911832809448242,0.7479374408721924,
25,"{'width': 7680, 'format': 'jpg', 'height': 4096, 'sha256': 'c387e6910e3008a92dfe1ece992f0cfa52e3f808f01487756aee764a6ef21bfe', 'path': 'media/images/Generated Images_42000_c387e691.jpg', 'size': 5155313, '_type': 'image-file'}",,,,0.019973189342827494,0.07288793819706614,0.30799999833106995,10544,0.10912024974822998,1621971148,1.1280193328857422,164824288.0,0.49799999594688416,42000,512,512,"['kid', 'pr']",/home/hans/modelzoo/efficiency/00162-ffhq256-mirror-paper256-kimg42-resumeffhq256,0.0025,0.0025,100,20,1,1e-08,1e-08,8,Output-weight Pruning 100x,,0.6,8,,,https://nvlabs-fi-cdn.nvidia.com/stylegan2-ada-pytorch/pretrained/transfer-learning-source-nets/ffhq-res256-mirror-paper256-noaug.pkl,42,,"[0, 0.99]","[0, 0.99]",1,0,training.networks.Discriminator,256,training.networks.Generator,1,,l1-in,512,1,1,1,1,1,16384,3,1,,8e-06,,,efficiency.slimming.SlimmingLoss,torch.optim.Adam,torch.optim.Adam,1,1,1,,,,/home/hans/trainsets/ffhq256.zip,1,training.augment.AugmentPipe,1,True,8,4,,52001,256,True,10,512,3,training.dataset.ImageFolderDataset,256,False,16384,3,8,2,Input-weight Pruning 8e-6,2ud27242,,,,,,,0.06982283014804125,0.1117737628519535,2.0049045085906982,0.6545964479446411,0.9317593574523926,
26,"{'width': 7680, 'format': 'jpg', 'height': 4096, 'sha256': '31981d67be2f1868025a4a9f6d630f52594175de9e6e41fd5996261c3fa3a109', 'path': 'media/images/Generated Images_40968_31981d67.jpg', 'size': 5087054, '_type': 'image-file'}",,,,0.015409799602432848,0.0006988617086147027,0.4323999881744385,7244,0.06399990618228912,1621967027,0.9924572110176086,196671934.5,0.5619999766349792,40992,512,512,"['kid', 'pr']",/home/hans/modelzoo/efficiency/00157-ffhq256-mirror-paper256-kimg42-resumeffhq256,0.0025,0.0025,100,20,1,1e-08,1e-08,8,Output-weight Pruning,,0.6,8,,,https://nvlabs-fi-cdn.nvidia.com/stylegan2-ada-pytorch/pretrained/transfer-learning-source-nets/ffhq-res256-mirror-paper256-noaug.pkl,42,,"[0, 0.99]","[0, 0.99]",1,0,training.networks.Discriminator,256,training.networks.Generator,1,,l1-out,512,1,1,1,1,1,16384,3,1,,8e-08,,,efficiency.slimming.SlimmingLoss,torch.optim.Adam,torch.optim.Adam,1,1,1,,,,/home/hans/trainsets/ffhq256.zip,1,training.augment.AugmentPipe,1,True,8,4,,52001,256,True,10,512,3,training.dataset.ImageFolderDataset,256,False,16384,3,8,2,Essentially Baseline,1ve9nvxg,0.34198,0.33068800000000004,0.51036,19.689627761509172,0.014874408025525546,0.4913,0.05635460838675499,-1.1087596032302829,1.0642287406851263,1.5086724823340774,0.8190368441864848,
27,"{'sha256': '61d896f6c5a8190175af40eb53eb3e4c3fdeaecaa9e52182bb5f07ff7d3a860a', 'path': 'media/images/Generated Images_42000_61d896f6.jpg', 'size': 5133734, '_type': 'image-file', 'width': 7680, 'format': 'jpg', 'height': 4096}",,,,0.04927814853978146,0.38062118902439024,0.010400000028312206,10659,0.25248122215270996,1621128242,1.149403095245361,3685.579345703125,0.5468000173568726,42000,512,512,"['kid', 'pr']",/home/hans/modelzoo/efficiency/00144-ffhq256-mirror-paper256-kimg42-resumeffhq256,0.0025,0.0025,100,20,1,1e-08,1e-08,8,L1 Lambda .0025,,0.6,8,,,https://nvlabs-fi-cdn.nvidia.com/stylegan2-ada-pytorch/pretrained/transfer-learning-source-nets/ffhq-res256-mirror-paper256-noaug.pkl,42,,"[0, 0.99]","[0, 0.99]",1,0,training.networks.Discriminator,256,training.networks.Generator,1,,l1,512,1,1,1,1,1,16384,3,1,,0.0025,,,efficiency.slimming.SlimmingLoss,torch.optim.Adam,torch.optim.Adam,1,1,1,,,,/home/hans/trainsets/ffhq256.zip,1,training.augment.AugmentPipe,1,True,8,4,,52001,256,True,10,512,3,training.dataset.ImageFolderDataset,256,False,16384,3,8,2,L1 Lambda .0025,37o1hipo,,,,,,,0.14863920956850052,-1.209300458431244,1.4233391284942627,1.756887912750244,0.7680650949478149,
28,"{'height': 4096, 'sha256': '3f674fe6f291df227e6da798039268b75f6cdc330c81b68dab5fe24c44832c62', 'path': 'media/images/Generated Images_42000_3f674fe6.jpg', 'size': 5317600, '_type': 'image-file', 'width': 7680, 'format': 'jpg'}",,,,0.32630219791326703,0.5777439024390244,0.0,10714,0.32287847995758057,1621125728,1.1328513622283936,1490.0133056640625,0.09679999947547913,42000,512,512,"['kid', 'pr']",/home/hans/modelzoo/efficiency/00142-ffhq256-mirror-paper256-kimg42-resumeffhq256,0.0025,0.0025,100,20,1,1e-08,1e-08,8,L1 Lambda 0.005,,0.6,8,,,https://nvlabs-fi-cdn.nvidia.com/stylegan2-ada-pytorch/pretrained/transfer-learning-source-nets/ffhq-res256-mirror-paper256-noaug.pkl,42,,"[0, 0.99]","[0, 0.99]",1,0,training.networks.Discriminator,256,training.networks.Generator,1,,l1,512,1,1,1,1,1,16384,3,1,,,,,efficiency.slimming.SlimmingLoss,torch.optim.Adam,torch.optim.Adam,1,1,1,,,,/home/hans/trainsets/ffhq256.zip,1,training.augment.AugmentPipe,1,True,8,4,,52001,256,True,10,512,3,training.dataset.ImageFolderDataset,256,False,16384,3,8,2,L1 Lambda .005,2dgvhle0,,,,,,,0.205190010368824,-1.548894703388214,3.779093027114868,1.670583963394165,0.2398158311843872,
29,"{'path': 'media/images/Generated Images_7176_06290cd9.jpg', 'size': 4521490, '_type': 'image-file', 'width': 7680, 'format': 'jpg', 'height': 4096, 'sha256': '06290cd909ddb4edcaa70405bbe998935569df03025011e49076b2d8838980f5'}",,,,0.08638341391880533,0.26729379049161583,0.0,2158,0.07007995247840881,1621114959,1.4129595160484314,5005.239166259766,0.2840000092983246,8160,512,512,"['kid', 'pr']",/home/hans/modelzoo/efficiency/00141-ffhq256-mirror-paper256-kimg42-resumeffhq256,0.0025,0.0025,100,20,1,1e-08,1e-08,8,L1 Lambda 0.01,,0.6,8,,,https://nvlabs-fi-cdn.nvidia.com/stylegan2-ada-pytorch/pretrained/transfer-learning-source-nets/ffhq-res256-mirror-paper256-noaug.pkl,42,,"[0, 0.99]","[0, 0.99]",1,0,training.networks.Discriminator,256,training.networks.Generator,1,,l1,512,1,1,1,1,1,16384,3,1,,,,,efficiency.slimming.SlimmingLoss,torch.optim.Adam,torch.optim.Adam,1,1,1,,,,/home/hans/trainsets/ffhq256.zip,1,training.augment.AugmentPipe,1,True,8,4,,52001,256,True,10,512,3,training.dataset.ImageFolderDataset,256,False,16384,3,8,2,L1 Lambda .01,hsih1dx5,,,,,,,0.11705568432807922,-3.9728717524558306,3.293124157716246,4.57006929628551,0.3346453951089643,
30,"{'path': 'media/images/Generated Images_17416_818f3dd0.jpg', 'size': 4917558, '_type': 'image-file', 'width': 7680, 'format': 'jpg', 'height': 4096, 'sha256': '818f3dd036a1a33af06e4f2bc6b826d60146c809f5f71e88528f8146df212d3d'}",,,,0.03534931264797508,0.11090683355564024,0.22200000286102295,4650,0.06911994516849518,1621117407,1.408399298787117,10619.188232421877,0.3619999885559082,18304,512,512,"['kid', 'pr']",/home/hans/modelzoo/efficiency/00140-ffhq256-mirror-paper256-kimg42-resumeffhq256,0.0025,0.0025,100,20,1,1e-08,1e-08,8,L1 Lambda .001,,0.6,8,,,https://nvlabs-fi-cdn.nvidia.com/stylegan2-ada-pytorch/pretrained/transfer-learning-source-nets/ffhq-res256-mirror-paper256-noaug.pkl,42,,"[0, 0.99]","[0, 0.99]",1,0,training.networks.Discriminator,256,training.networks.Generator,1,,l1,512,1,1,1,1,1,16384,3,1,,,,,efficiency.slimming.SlimmingLoss,torch.optim.Adam,torch.optim.Adam,1,1,1,,,,/home/hans/trainsets/ffhq256.zip,1,training.augment.AugmentPipe,1,True,8,4,,52001,256,True,10,512,3,training.dataset.ImageFolderDataset,256,False,16384,3,8,2,L1 Lambda .001,29dscnrn,,,,,,,0.1491643264889717,-1.221210398711264,1.2680577169008114,1.678617101628333,0.7820198377594352,
31,"{'size': 5058695, '_type': 'image-file', 'width': 7680, 'format': 'jpg', 'height': 4096, 'sha256': '348557d23b28efd9807f672e1fa287a6109d54dc9b60f8cfc1062111edfdd804', 'path': 'media/images/Generated Images_42000_348557d2.jpg'}",,,,0.01649164136676058,,0.32120001316070557,10551,0.07455998659133911,1621109323,1.132491111755371,4033.546630859375,0.5935999751091003,42000,512,512,"['kid', 'pr']",/home/hans/modelzoo/efficiency/00139-ffhq256-mirror-paper256-kimg42-resumeffhq256,0.0025,0.0025,100,20,1,1e-08,1e-08,8,L1 Long (Conv Only),,0.6,8,,,https://nvlabs-fi-cdn.nvidia.com/stylegan2-ada-pytorch/pretrained/transfer-learning-source-nets/ffhq-res256-mirror-paper256-noaug.pkl,42,,"[0, 0.99]","[0, 0.99]",1,0,training.networks.Discriminator,256,training.networks.Generator,1,,l1,512,1,1,1,1,1,16384,3,1,,,,,efficiency.slimming.SlimmingLoss,torch.optim.Adam,torch.optim.Adam,1,1,1,,,,/home/hans/trainsets/ffhq256.zip,1,training.augment.AugmentPipe,1,True,8,4,,52001,256,True,10,512,3,training.dataset.ImageFolderDataset,256,False,16384,3,8,2,L1 Lambda .0001 (Conv Only),18qvn35d,,,,,,,0.1140658352524042,-1.4554946422576904,0.9047352075576782,1.3745648860931396,0.5464224815368652,
32,"{'format': 'jpg', 'height': 4096, 'sha256': 'eedc7b02d24da7ac2da1d8d40f9c8f5f76153ce007aa5552700f613328ae9946', 'path': 'media/images/Generated Images_42000_eedc7b02.jpg', 'size': 5264200, '_type': 'image-file', 'width': 7680}",,,,0.029420920065272214,,0.225600004196167,10553,0.0912001132965088,1621108823,1.1296772956848145,13462.4169921875,0.6420000195503235,42000,512,512,"['kid', 'pr']",/home/hans/modelzoo/efficiency/00134-ffhq256-mirror-paper256-kimg42-resumeffhq256,0.0025,0.0025,100,20,1,1e-08,1e-08,8,L1 Long,,0.6,8,,,https://nvlabs-fi-cdn.nvidia.com/stylegan2-ada-pytorch/pretrained/transfer-learning-source-nets/ffhq-res256-mirror-paper256-noaug.pkl,42,,"[0, 0.99]","[0, 0.99]",1,0,training.networks.Discriminator,256,training.networks.Generator,1,,l1,512,1,1,1,1,1,16384,3,1,,,,,efficiency.slimming.SlimmingLoss,torch.optim.Adam,torch.optim.Adam,1,1,1,,,,/home/hans/trainsets/ffhq256.zip,1,training.augment.AugmentPipe,1,True,8,4,,52001,256,True,10,512,3,training.dataset.ImageFolderDataset,256,False,16384,3,8,2,L1 Lambda .0001,ljeroc37,,,,,,,0.07611846551299095,1.545582115650177,2.5824575424194336,0.2198109030723572,1.8864006996154783,
33,"{'width': 7680, 'format': 'jpg', 'height': 4096, 'sha256': 'e3f08f23d23a45797c222609367d5f8f1f51ddf4ee28a43da18cf57ff1c674fe', 'path': 'media/images/Generated Images_5128_e3f08f23.jpg', 'size': 7293699, '_type': 'image-file'}",,,,0.3066736213657716,,0.0,973,NaN,1621095800,0.6761059165000916,4067.35986328125,0.09920000284910202,5128,512,512,"['kid', 'pr']",/home/hans/modelzoo/efficiency/00123-ffhq256-mirror-paper256-kimg42-resumeffhq256,0.0025,0.0025,100,20,1,1e-08,1e-08,8,,,0.6,8,,,https://nvlabs-fi-cdn.nvidia.com/stylegan2-ada-pytorch/pretrained/transfer-learning-source-nets/ffhq-res256-mirror-paper256-noaug.pkl,42,,"[0, 0.99]","[0, 0.99]",1,0,training.networks.Discriminator,256,training.networks.Generator,1,,l1,512,1,1,1,1,1,16384,3,1,,,,,efficiency.slimming.SlimmingLoss,torch.optim.Adam,torch.optim.Adam,1,1,1,,,,/home/hans/trainsets/ffhq256.zip,1,training.augment.AugmentPipe,1,True,8,4,,52001,256,True,10,512,3,training.dataset.ImageFolderDataset,256,False,16384,3,8,2,"L1, Conv Only, Frozen D",1dkjmqbj,,,,,,,,6.059797540307045,,0.002570844037109054,,
34,"{'format': 'jpg', 'height': 4096, 'sha256': '4dcbed0bb1feb7978ade75e24a05e23a1e2b6879c3aa52b98475b011eb8ef420', 'path': 'media/images/Generated Images_5128_4dcbed0b.jpg', 'size': 7994282, '_type': 'image-file', 'width': 7680}",,,,0.468636953967265,0.0,0.0,979,NaN,1621095797,0.6612492054700851,,0.0,5184,512,512,"['kid', 'pr']",/home/hans/modelzoo/efficiency/00122-ffhq256-mirror-paper256-kimg42-resumeffhq256,0.0025,0.0025,100,20,1,1e-08,1e-08,8,,,0.6,8,,,https://nvlabs-fi-cdn.nvidia.com/stylegan2-ada-pytorch/pretrained/transfer-learning-source-nets/ffhq-res256-mirror-paper256-noaug.pkl,42,,"[0, 0.99]","[0, 0.99]",1,0,training.networks.Discriminator,256,training.networks.Generator,1,,prox,512,1,1,1,1,1,16384,3,1,,,,,efficiency.slimming.SlimmingLoss,torch.optim.Adam,torch.optim.Adam,1,1,1,,,,/home/hans/trainsets/ffhq256.zip,1,training.augment.AugmentPipe,1,True,8,4,,52001,256,True,10,512,3,training.dataset.ImageFolderDataset,256,False,16384,3,8,2,"Proximal, Conv Only, Frozen D",1rwolmqo,,,,,,,,3.115241654217243,,0.04811221390264109,,0.0009755282662808896
35,"{'format': 'jpg', 'height': 4096, 'sha256': '67b18782f501776ccb181613ecaea2bd8f4c165b859004eea14f100cd548e206', 'path': 'media/images/Generated Images_6152_67b18782.jpg', 'size': 7824227, '_type': 'image-file', 'width': 7680}",,,,0.33405959907432126,0.0,0.0,1761,0.05631991848349571,1620956489,1.3759857192635536,,0.0,6976,512,512,"['kid', 'pr']",/home/hans/modelzoo/efficiency/00118-ffhq256-mirror-paper256-kimg42-resumeffhq256,0.0025,0.0025,100,20,1,1e-08,1e-08,8,,,0.6,8,,,https://nvlabs-fi-cdn.nvidia.com/stylegan2-ada-pytorch/pretrained/transfer-learning-source-nets/ffhq-res256-mirror-paper256-noaug.pkl,42,,"[0, 0.99]","[0, 0.99]",1,0,training.networks.Discriminator,256,training.networks.Generator,1,,prox,512,1,1,1,1,1,16384,3,1,,,,,efficiency.slimming.SlimmingLoss,torch.optim.Adam,torch.optim.Adam,1,1,1,,,,/home/hans/trainsets/ffhq256.zip,1,training.augment.AugmentPipe,1,True,8,4,,52001,256,True,10,512,3,training.dataset.ImageFolderDataset,256,False,16384,3,8,2,Proximal Pruning (Conv Only),3qp3vpyn,,,,,,,0.00793498195707798,-7.515394020825624,4.986034933258505,7.546812370419502,0.0396143703837879,0.0009455032413825392
36,"{'height': 4096, 'sha256': '3f51436c77f157293587de4ee8a8b40a2ccbf7835753502f789bed0020b1c1cc', 'path': 'media/images/Generated Images_7176_3f51436c.jpg', 'size': 5190924, '_type': 'image-file', 'width': 7680, 'format': 'jpg'}",,,,0.02580930779409582,,0.3431999981403351,1875,0.032960012555122375,1620956588,1.3980939909815788,4330.340744018555,0.6643999814987183,7456,512,512,"['kid', 'pr']",/home/hans/modelzoo/efficiency/00117-ffhq256-mirror-paper256-kimg42-resumeffhq256,0.0025,0.0025,100,20,1,1e-08,1e-08,8,,,0.6,8,,,https://nvlabs-fi-cdn.nvidia.com/stylegan2-ada-pytorch/pretrained/transfer-learning-source-nets/ffhq-res256-mirror-paper256-noaug.pkl,42,,"[0, 0.99]","[0, 0.99]",1,0,training.networks.Discriminator,256,training.networks.Generator,1,,l1,512,1,1,1,1,1,16384,3,1,,,,,efficiency.slimming.SlimmingLoss,torch.optim.Adam,torch.optim.Adam,1,1,1,,,,/home/hans/trainsets/ffhq256.zip,1,training.augment.AugmentPipe,1,True,8,4,,52001,256,True,10,512,3,training.dataset.ImageFolderDataset,256,False,16384,3,8,2,L1 Lambda .0005 (Conv Only),2pfgm8e2,,,,,,,0.05439796485006809,-1.2763614783762025,1.2130162369679005,1.7457801289856434,0.8880298919975758,
37,"{'_type': 'image-file', 'width': 7680, 'format': 'jpg', 'height': 4096, 'sha256': 'cbc508022314f7f933ba43faa1c26730fa8a77957d726714c3d5efaee0250d3b', 'path': 'media/images/Generated Images_3080_cbc50802.jpg', 'size': 733002}",,,,0.02450454514958218,,0.5591999888420105,1266,0.02976001799106598,1620954646,2.044656477868557,2491.5331840515137,0.4744000136852264,3488,512,512,"['kid', 'pr']",/home/hans/modelzoo/efficiency/00116-ffhq256-mirror-paper256-kimg42-resumeffhq256,0.0025,0.0025,100,20,1,1e-08,1e-08,8,,,0.6,8,,,https://nvlabs-fi-cdn.nvidia.com/stylegan2-ada-pytorch/pretrained/transfer-learning-source-nets/ffhq-res256-mirror-paper256-noaug.pkl,42,,"[0, 0.99]","[0, 0.99]",1,0,training.networks.Discriminator,256,training.networks.Generator,1,,l1,512,1,1,1,1,1,16384,3,1,,,,,efficiency.slimming.SlimmingLoss,torch.optim.Adam,torch.optim.Adam,1,1,1,,,,/home/hans/trainsets/ffhq256.zip,1,training.augment.AugmentPipe,1,True,8,4,,52001,256,True,10,512,3,training.dataset.ImageFolderDataset,256,False,16384,3,8,2,L1 Lambda .1,1h19ckdj,,,,,,,0.01651686802506447,-9.380813698284328,5.3808483643566865,10.538771633524448,0.8011352920620993,
38,"{'_type': 'image-file', 'width': 7680, 'format': 'jpg', 'height': 4096, 'sha256': 'be960b0f6dfd3a01b4cb9a7582ac417b30fa8b04b98c49662ad5c1beb48fd6b4', 'path': 'media/images/Generated Images_4104_be960b0f.jpg', 'size': 4100111}",,,,0.024107241378628252,0.0,0.5667999982833862,1270,0.040639981627464294,1620954635,1.377358540892601,,0.5059999823570251,5120,512,512,"['kid', 'pr']",/home/hans/modelzoo/efficiency/00115-ffhq256-mirror-paper256-kimg42-resumeffhq256,0.0025,0.0025,100,20,1,1e-08,1e-08,8,,,0.6,8,,,https://nvlabs-fi-cdn.nvidia.com/stylegan2-ada-pytorch/pretrained/transfer-learning-source-nets/ffhq-res256-mirror-paper256-noaug.pkl,42,,"[0, 0.99]","[0, 0.99]",1,0,training.networks.Discriminator,256,training.networks.Generator,1,,prox,512,1,1,1,1,1,16384,3,1,,,,,efficiency.slimming.SlimmingLoss,torch.optim.Adam,torch.optim.Adam,1,1,1,,,,/home/hans/trainsets/ffhq256.zip,1,training.augment.AugmentPipe,1,True,8,4,,52001,256,True,10,512,3,training.dataset.ImageFolderDataset,256,False,16384,3,8,2,Proximal Pruning,2kib5wb6,,,,,,,0.019544582813978195,-5.728245332837105,5.2794822875191185,6.224814618006349,0.16850646772945763,0.0009755282662808896
39,"{'width': 7680, 'format': 'jpg', 'height': 4096, 'sha256': '35b2757d07ec87579fc7ea256d75278e251360431679f8c8be718c6bdcdb4060', 'path': 'media/images/Generated Images_4008_35b2757d.jpg', 'size': 1660918, '_type': 'image-file'}",,,,0.02402040872669729,0.8651673018292683,0.5091999769210815,996,0.041919976472854614,1620950651,1.4025635147094726,,0.5396000146865845,4384,512,512,"['kid', 'pr']",/home/hans/modelzoo/efficiency/00096-ffhq256-mirror-paper256-kimg42-resumeffhq256,0.0025,0.0025,100,20,1,1e-08,1e-08,8,,,0.6,8,,,https://nvlabs-fi-cdn.nvidia.com/stylegan2-ada-pytorch/pretrained/transfer-learning-source-nets/ffhq-res256-mirror-paper256-noaug.pkl,42,,"[0, 0.99]","[0, 0.99]",1,0,training.networks.Discriminator,256,training.networks.Generator,1,,prox,512,1,1,1,1,1,16384,3,1,,,,,efficiency.slimming.SlimmingLoss,torch.optim.Adam,torch.optim.Adam,1,1,1,,,,/home/hans/trainsets/ffhq256.zip,1,training.augment.AugmentPipe,1,True,8,1,,52001,256,True,5,512,3,training.dataset.ImageFolderDataset,256,False,16384,3,8,2,Proximal Pruning,1mnulvop,,,,,,,0.02831644454272464,-468.6191946258545,8.200877823775873,473.0436834716797,6.086422458503308,0.0009938441216945648
